AN	GI	Species	Genome_length	ncbi_name	ncbi_taxid
AJ294725.1	12329875	Astasia longa	73345	Euglena longa	3037
AP018129.2	1824615466	Grateloupia asiatica	187517	Grateloupia asiatica	151735
AP025529.1	2310847502	Galdieria partita	167641	Galdieria partita	83374
JN039300.1	339433850	Karlodinium veneficum	142981	Karlodinium veneficum	407301
JN643723.2	459936601	Eutreptia viridis	65523	Eutreptia viridis	96908
JN674636.2	480512001	Colacium vesiculosum	128892	Colacium vesiculosum	102910
JN674637.1	363399160	Strombomonas acuminata	144166	Strombomonas acuminata	201859
JX297813.1	403225131	Pelagomonas sp. 	91306	uncultured Pelagomonas	660917
KC517072.1	465483065	Pyropia yezoensis	191975	Pyropia yezoensis	2788
KF438023.1	553832027	Lotharella sp.	70997	Lotharella oceanica	641309
KJ201907.2	998453970	Chrysochromulina sp.	104518	Chrysochromulina tobinii	1460289
KJ776836.1	636744894	Pyropia kanakaensis	189931	Pyropia kanakaensis	139729
KJ776837.1	636745101	Pyropia fucicola	187282	Pyropia fucicola	144551
KJ877675.1	679091872	Ochromonas sp.	126746	Ochromonas sp. CCMP1393	420556
KJ958481.1	691190018	Cyclotella sp.	129498	Cyclotella sp. WC03_2	1549164
KP686076.1	830260406	Euglena gracilis var. bacillaris	132034	Euglena gracilis var. bacillaris	158060
KP714733.1	816375071	Bangia fuscopurpurea	196913	Bangia fuscopurpurea	101920
KR921747.1	955665390	Phacus orbicularis	65992	Phacus orbicularis	158829
KT188823.1	999812328	Sargassum vachellianum	124582	Sargassum vachellianum	1155129
KT223519.1	985482797	Euglena mutabilis	86975	Euglena mutabilis	38275
KT266789.1	999812006	Pyropia pulchra	194175	Pyropia pulchra	60925
KT716756.1	944544293	Pyropia endiviifolia	195784	Pyropia endiviifolia	1699272
KX284710.1	1062594610	Riquetophycus sp.	180384	Riquetophycus sp.	1897556
KX284728.3	2152166944	Rhodochaete parvula	221671	Rhodochaete parvula	110510
KX601051.1	1127352649	Crassa firma	187001	Gracilaria firma	2510791
KX839260.1	1081699300	Monodopsis sp.	124999	Monodopsis sp. MarTras21	1745953
KY499654.1	1268890791	Gomphoneis minuta var. cassieae	119630	Gomphoneis minuta var. cassieae	1142141
KY706202.1	1229242616	Eutreptiella pomquetensis	130561	Eutreptiella pomquetensis	215699
KY709210.1	1190064879	Corynoplastis japonica	1127474	Corynoplastis japonica	700918
KY709211.1	1190065049	Flintiella sanguinaria	370672	Flintiella sanguinaria	101926
KY856940.1	1226042244	Storeatula sp.	140953	Storeatula sp. CCMP1868	195070
KY860574.1	1236762800	Chroomonas mesostigmatica	139403	Chroomonas mesostigmatica CCMP1168	1195612
LC521919.1	1815645073	Pyropia dentata	192266	Pyropia dentata	76160
LC564893.1	1941608488	Haptophyceae sp.	109550	Haptophyceae sp. NIES-3900	2748608
LC580440.1	1900240487	Pteridomonas sp.	54809	Pteridomonas sp. YPF1301	2766739
LC648950.1	2176617007	Cryptomonas borealis	161036	Cryptomonas borealis	233190
LC648953.1	2176617577	Cryptomonas tetrapyrenoidosa	132527	Cryptomonas tetrapyrenoidosa	233185
LC648955.1	2176617922	Chroomonas collegionis	137219	Chroomonas collegionis	2867499
LC648960.1	2176618779	Proteomonas sp.	140665	Proteomonas sp. NEIS-1375	2867505
LC648961.1	2176618976	Rhodomonas sp.	136151	Rhodomonas sp. NIES-1730	2867506
LC648962.1	2176619164	Chroomonas debatzensis	146033	Chroomonas debatzensis	2058882
LC648964.1	2176619571	Hemiselmis andersenii	136088	Hemiselmis andersenii	464988
LC648965.1	2176619773	Cryptomonas sp.	129092	Cryptomonas sp. NIES-3952	2867508
LC716140.1	2264236672	Dinophyceae sp.	100773	Dinophyceae sp. MGD	2608282
LC761954.1	2527267979	Pyropia sp.	193090	Pyropia sp. Myanmar_B	3034858
LT622871.1	1079693376	Nemalion sp.	182930	Nemalion sp. H.1444	1907586
MF101412.1	1201281947	Laurencieae sp.	171106	Laurencieae sp.	2007162
MF101414.1	1201282355	Polysiphonia sp.	172973	Polysiphonia sp.	1967842
MF101425.1	1201284659	Leptosiphonia brodiei	169795	Leptosiphonia brodiei	2608611
MF101451.1	1201290080	Chondria sp.	175716	Chondria sp. (in: red algae)	1982705
MF101453.1	1201290493	Palisada sp.	176826	Palisada sp.	1955416
MF101454.1	1201290703	Kapraunia schneideri	163271	Kapraunia schneideri	717899
MF167424.1	1227050477	Glaucocystis sp.	130276	Glaucocystis sp. BBH	2023628
MF591718.1	1500163705	Hapterophycus canaliculatus	133508	Hapterophycus canaliculatus	2567908
MG755791.1	1399236951	Proboscia sp. 	138249	Proboscia sp.	1923967
MG755795.1	1399237508	Licmophora sp.	121184	Licmophora sp.	2115823
MG755797.1	1399237780	Eunotogramma sp. 	172317	Eunotogramma sp.	2219035
MG755801.1	1399238327	Pseudictyota dubia	120381	Pseudictyota dubia	2749911
MG755804.1	1399238735	Discostella pseudostelligera 	129261	Discostella pseudostelligera	259834
MG922855.1	1377537730	Fucus spiralis	125066	Fucus spiralis	87149
MH113811.1	1538979133	Nitzschia palea	119449	Nitzschia palea	303400
MH281627.1	1510250682	Lithothamnion sp.	183822	Lithothamnion sp.	1940749
MH281629.1	1510251111	Renouxia sp.	192307	Renouxia sp.	2485823
MH281630.1	1510251321	Rhodogorgon sp.	190860	Rhodogorgon sp.	2485824
MH285877.1	1481368276	Trachelomonas grandis	113311	Trachelomonas grandis	215769
MH356727.1	1530728959	Seminavis robusta	150905	Seminavis robusta	568900
MH795128.1	1497446007	Synura petersenii	133059	Synura petersenii	52555
MH795129.1	1497446149	Synura sphagnicola	128699	Synura sphagnicola	52556
MH795132.1	1497446594	Neotessella volvocina	130705	Neotessella volvocina	52559
MK058524.1	2158463421	Saccharina sp.	130583	Saccharina sp. Rongfu	2899233
MK212028.1	1769116583	Vischeria stellata	126824	Vischeria stellata	1104407
MK641509.1	2136504162	Kumanoa mahlacensis	183893	Kumanoa mahlacensis	1196387
MK695880.1	1772544214	Neopyropia yezoensis	191977	Pyropia yezoensis	2788
MK798155.1	1956754982	Cryptophyta sp.	139208	Baffinella frigidus	2571260
MN240356.1	2046386683	Betaphycus gelatinus	178394	Betaphycus gelatinus	1191690
MN240357.1	2046386888	Eucheuma denticulatum	177003	Eucheuma denticulatum	305493
MN240358.1	2046387093	Kappaphycus striatus	176763	Kappaphycus striatus	88410
MN276191.1	1783235058	Nanofrustulum shiloi	160994	Nanofrustulum shiloi	210602
MN905507.1	2136504360	Batrachospermum sp.	184902	Batrachospermum sp.	31373
MN935477.1	1922072860	Pedospumella sp.	58577	Pedospumella sp. Jangsampo120217C5	2782409
MN935478.1	1922073065	Poteriospumella lacustris	62910	Poteriospumella lacustris	1117027
MN935479.1	1922073283	Spumella sp.	55641	Spumella sp. Baekdong012001B8	2782410
MT032182.1	1919474797	Sarcopeltis skottsbergii	179603	Sarcopeltis skottsbergii	2765380
MT117916.1	1836274382	Pterocladia lucida	176635	Pterocladia lucida	31408
MT117918.1	1836274581	Pterocladiophila hemisphaerica	68701	Pterocladiophila hemisphaerica	2712948
MT211887.1	1835928319	Corallina officinalis	178183	Corallina officinalis	35170
MT385839.1	2228679560	Cyclotella cryptica 	129273	Cyclotella cryptica	29204
MT742551.1	2072316588	Nitzschia anatoliensis	119434	Nitzschia anatoliensis	2862141
MT873582.1	1946837967	Sargassum hemiphyllum var. chinense	124323	Sargassum hemiphyllum var. chinense	425012
MT902152.1	2231654875	Thalassiosira punctigera	57134	Thalassiosira punctigera	265564
MW561351.1	2239963886	Haslea ostrearia	129019	Haslea ostrearia	67476
MW592700.1	2102348078	Thalassiosira sp.	170005	Thalassiosira sp.	1891026
MW645082.1	2032566430	Haslea silbo	157307	Haslea silbo	1146997
MW660365.1	2166981374	Chaetoceros sp.	116284	Chaetoceros sp. DS1	2814445
MW675665.1	2029230804	Porphyrostromium japonicum contig 539	35287	Porphyrostromium japonicum	1076272
MW675668.1	2029231171	Porphyropsis coccinea contig 559	17654	Porphyropsis coccinea	753677
MW675674.1	2029231567	Erythrotrichia welwitschii contig 48	181144	Erythrotrichia welwitschii	1076257
MW675677.1	2029231937	Erythrotrichia foliiformis contig 240	16833	Erythrotrichia foliiformis	753678
MW675678.1	2029231953	Erythrotrichia foliiformis contig 44	181380	Erythrotrichia foliiformis	753678
MW752443.1	2102348258	Conticribra weissflogii	127601	Conticribra weissflogii	1577725
MW767830.1	2086496965	Sargassum ilicifolium var. conduplicatum	124414	Sargassum ilicifolium var. conduplicatum	246893
MW784163.1	2064310473	Sargassum graminifolium	124563	Sargassum graminifolium	2855562
MW784165.1	2064310753	Sargassum phyllocystum	124392	Sargassum phyllocystum	1219119
MW784166.1	2064310893	Sargassum muticum	124401	Sargassum muticum	74468
MW784167.1	2064311033	Sargassum feldmannii	124258	Sargassum feldmannii	2855561
MW784168.1	2064311173	Sargassum mcclurei	124272	Sargassum mcclurei	127576
MW784169.1	2064311313	Sargassum henslowianum	124450	Sargassum henslowianum	703908
MW810349.1	2043521605	Erythrocystis saccata	165292	Erythrocystis saccata	2822695
MW845775.1	2065945093	Chaetoceros costatus	116845	Chaetoceros costatus	426630
MW845776.1	2065945222	Chaetoceros socialis	117717	Chaetoceros socialis	163503
MW845777.1	2065945354	Chaetoceros pseudocurvisetus	118127	Chaetoceros pseudocurvisetus	426637
MW845778.1	2065945486	Chaetoceros tenuissimus	116523	Chaetoceros tenuissimus	426638
MW845779.1	2065945618	Chaetoceros laevisporus	119034	Chaetoceros laevisporus	1937691
MW845780.1	2065945752	Chaetoceros curvisetus	118222	Chaetoceros curvisetus	230516
MW853965.1	2096847052	Pseudo-nitzschia sp.	158840	Pseudo-nitzschia hainanensis	2775602
MW971520.1	2059418577	Nitzschia inconspicua	139309	Nitzschia inconspicua	303405
MZ156027.1	2049952093	Akkesiphycus lubricus	128910	Akkesiphycus lubricus	3022
MZ156028.1	2049952236	Protohalopteris sp.	131355	Protohalopteris sp.	2843287
MZ156029.1	2049952381	Pterygophora californica	130581	Pterygophora californica	169782
MZ156030.1	2049952524	Pseudochorda nagaii	129340	Pseudochorda nagaii	74379
MZ156031.1	2049952667	Postelsia palmaeformis	129997	Postelsia palmaeformis	105414
MZ156033.1	2049952954	Lessoniopsis littoralis	130839	Lessoniopsis littoralis	169788
MZ156035.1	2049953242	Laminaria ephemera	130610	Laminaria ephemera	309364
MZ156036.1	2049953385	Saccharina subsessilis	130548	Saccharina subsessilis	2173147
MZ156037.1	2049953528	Chorda asiatica	130274	Chorda asiatica	1281577
MZ156038.1	2049953670	Ecklonia arborea	130965	Ecklonia arborea	1849970
MZ156039.1	2049953813	Egregia menziesii	130044	Egregia menziesii	105409
MZ156040.1	2049953956	Ecklonia radicosa	130860	Ecklonia radicosa	169786
MZ156041.1	2049954099	Desmarestia aculeata	129228	Desmarestia aculeata	62298
MZ156043.1	2049954385	Arthrothamnus bifidus	130498	Arthrothamnus bifidus	169778
MZ336051.1	2090990392	Agarophyton chilense	185684	Agarophyton chilense	2510777
MZ336072.1	2090994680	Crassiphycus usneoides	183376	Gracilaria usneoides	172951
MZ336073.1	2090994886	Gracilariopsis chorda	182537	Gracilariopsis chorda	448386
MZ352931.1	2065943869	Chaetoceros gracilis	116421	Chaetoceros neogracilis	240364
MZ365053.1	2073948861	Climaconeis sp.	140389	Climaconeis sp.	2846830
MZ365054.1	2073949001	Climaconeis cf. scalaris	216580	Climaconeis cf. scalaris	2846828
MZ504657.1	2096020273	Alaria sp.	130577	Alaria sp. TTB000023	2860299
MZ520768.1	2125740378	Schizostauron trachyderma	187029	Schizostauron trachyderma	2770866
MZ681958.1	2209408586	Cyanidiaceae sp.	165057	Cyanidiaceae sp.	2866374
MZ681960.1	2209408981	Cyanidioschyzonaceae sp.	147983	Cyanidioschyzonaceae sp. 3	2927042
MZ681961.1	2209409178	Galdieria sp.	167118	Galdieria sp.	2530459
MZ681962.1	2209409369	Boldiaceae sp.	231003	Boldiaceae sp.	2927043
NC_000925.1	11465652	Porphyra purpurea	191028	Porphyra purpurea	2787
NC_000926.1	11467607	Guillardia theta	121524	Guillardia theta	55529
NC_001675.1	11467282	Cyanophora paradoxa	135599	Cyanophora paradoxa	2762
NC_001713.1	11467432	Odontella sinensis	119704	Trieres chinensis	1514140
NC_001799.1	11496534	Toxoplasma gondii	34996	Toxoplasma gondii RH	383379
NC_001840.1	11465393	Cyanidium caldarium	164921	Cyanidium caldarium	2771
NC_002652.1	12545411	Euglena longa	73345	Euglena longa	3037
NC_004799.1	30468047	Cyanidioschyzon merolae	149987	Cyanidioschyzon merolae strain 10D	280699
NC_006137.1	51209843	Gracilaria tenuistipitata var. liui	183883	Gracilaria tenuistipitata var. liui	285951
NC_007288.1	71842220	Emiliania huxleyi	105309	Emiliania huxleyi	2903
NC_007932.1	90994377	Porphyra yezoensis	191952	Pyropia yezoensis	2788
NC_008408.1	115443536	Bigelowiella natans	69166	Bigelowiella natans	227086
NC_008588.1	118410962	Phaeodactylum tricornutum	117369	Phaeodactylum tricornutum	2850
NC_008589.1	118411095	Thalassiosira pseudonana	128814	Thalassiosira pseudonana	35128
NC_009573.1	149071965	Rhodomonas salina	135854	Rhodomonas salina	3034
NC_010772.1	189095288	Heterosigma akashiwo	159370	Heterosigma akashiwo	2829
NC_011600.1	215400692	Vaucheria litorea	115341	Vaucheria litorea	109269
NC_012898.1	242620015	Aureococcus anophagefferens	89599	Aureococcus anophagefferens	44056
NC_012903.1	242624258	Aureoumbra lagunensis	94346	Aureoumbra lagunensis	44058
NC_013498.1	269100994	Ectocarpus siliculosus	139954	Ectocarpus siliculosus	2880
NC_013703.1	283794864	Cryptomonas paramecium	77717	Cryptomonas paramaecium	2898
NC_014267.1	299830295	Kryptoperidinium foliaceum	140426	Kryptoperidinium foliaceum	160619
NC_014287.1	299830503	Durinskia baltica	116470	Durinskia baltica	59809
NC_014340.2	482578347	Chromera velia	120426	Chromera velia	505693
NC_014345.1	301500923	Alveolata sp.	85535	Chromerida sp. RM11	348535
NC_014808.1	315320467	Thalassiosira oceanica	141790	Thalassiosira oceanica CCMP1005	637379
NC_015403.1	330850815	Fistulifera solaris 	134918	Fistulifera solaris	1519565
NC_016703.2	523420608	Phaeocystis antarctica	105512	Phaeocystis antarctica	33657
NC_016731.1	378824466	Synedra acus	116251	Ulnaria acus	1436140
NC_016735.1	376403656	Fucus vesiculosus	124986	Fucus vesiculosus	49266
NC_017754.2	429330004	Eutreptiella gymnastica	67623	Eutreptiella gymnastica	73025
NC_018523.1	403066520	Saccharina japonica	130584	Saccharina japonica	88149
NC_020014.1	435856116	Nannochloropsis gaditana	114989	Nannochloropsis gaditana	72520
NC_020018.1	440801917	Monomorphina aenigmatica	74746	Monomorphina aenigmatica	304863
NC_020371.1	456061976	Pavlova lutheri	95281	Diacronema lutheri	2081491
NC_020460.2	498662898	Euglena viridis	91616	Euglena viridis	3040
NC_020795.1	471434880	Chondrus crispus	180086	Chondrus crispus	2769
NC_021075.1	501673126	Calliarthron tuberculosum	178981	Calliarthron tuberculosum	48942
NC_021189.1	501000113	Pyropia haitanensis	195597	Pyropia haitanensis	1262161
NC_021618.1	519704831	Grateloupia taiwanensis	191270	Phyllymenia taiwanensis	1260292
NC_021637.1	520850646	Phaeocystis globosa	107461	Phaeocystis globosa	33658
NC_022259.1	545907039	Nannochloropsis granulata	117672	Nannochloropsis granulata	43926
NC_022260.1	542687661	Nannochloropsis oculata	117463	Nannochloropsis oculata	43925
NC_022261.1	542687811	Nannochloropsis salina	114882	Microchloropsis salina	2511165
NC_022262.1	543132528	Nannochloropsis limnetica	117806	Nannochloropsis limnetica	120807
NC_022263.1	542687962	Nannochloropsis oceanica	117557	Nannochloropsis oceanica	145522
NC_023133.1	568247562	Porphyridium purpureum	217694	Porphyridium purpureum	35688
NC_023785.1	595789371	Gracilaria salicornia	179757	Gracilaria salicornia	172968
NC_024050.1	630715801	Pyropia perforata	189789	Pyropia perforata	182771
NC_024079.1	662012242	Asterionella formosa	121238	Asterionella formosa	210441
NC_024080.1	662012377	Asterionellopsis glacialis 	146024	Asterionellopsis glacialis	33640
NC_024081.1	662012523	Coscinodiscus radiatus	122213	Coscinodiscus radiatus	33642
NC_024082.1	662012663	Cylindrotheca closterium 	165809	Cylindrotheca closterium	2856
NC_024083.1	662012825	Didymosphenia geminata	117972	Didymosphenia geminata	1115533
NC_024084.1	662012956	Leptocylindrus danicus	125213	Leptocylindrus danicus	163516
NC_024085.1	662015790	Lithodesmium undulatum	122660	Lithodesmium undulatum	59812
NC_024154.1	649130873	Euglenaformis proxima	94185	Euglenaformis proxima	299110
NC_024665.1	671743475	Galdieria sulphuraria	167741	Galdieria sulphuraria	130081
NC_024928.1	699008555	Eunotia naegelii 	152906	Eunotia naegelii	1458866
NC_025310.1	700082471	Chaetoceros simplex	116459	Chaetoceros simplex	156587
NC_025311.1	725650481	Rhizosolenia imbricata	120956	Rhizosolenia imbricata	216768
NC_025312.1	700658129	Roundia cardiophora	126871	Roundia cardiophora	1403802
NC_025313.1	712911877	Cerataulina daemon	120144	Cerataulina daemon	1527800
NC_025314.1	700082608	Thalassiosira weissflogii	127601	Conticribra weissflogii	1577725
NC_026851.1	813423673	Trachydiscus minutus	120091	Trachydiscus minutus	1032745
NC_027093.1	821318180	Lepidodinium chlorophorum	66223	Lepidodinium chlorophorum	107758
NC_027269.1	836643610	Euglenaria anabaena	88487	Euglenaria anabaena	38273
NC_027286.1	836614630	Cryptoglena skujai	106843	Cryptoglena skujai	161229
NC_027287.1	836614704	Monomorphina parapyrum	80147	Monomorphina parapyrum	1664066
NC_027288.1	836614780	Trachelomonas volvocina	85392	Trachelomonas volvocina	103340
NC_027589.1	902686507	Teleaulax amphioxeia	129772	Teleaulax amphioxeia	77931
NC_027721.1	918020172	Pseudo-nitzschia multiseries	111539	Pseudo-nitzschia multiseries	37319
NC_027746.1	918021166	Triparma laevis	117514	Triparma laevis	1534972
NC_028502.1	959121919	Costaria costata	129947	Costaria costata	2872
NC_028503.1	959125800	Undaria pinnatifida	130383	Undaria pinnatifida	74381
NC_028737.1	966203170	Nitzschia sp.	67866	Nitzschia sp. IriIs04	1444690
NC_029134.1	992328951	Sargassum thunbergii	124592	Sargassum thunbergii	127542
NC_029576.1	1002819087	Wildemania schizophylla	193008	Wildemania schizophylla	1134705
NC_029644.1	1004649608	Gracilariopsis lemaneiformis	182505	Gracilariopsis lemaneiformis	2782
NC_029741.1	1011057959	Gymnochlora stellata	67451	Gymnochlora stellata	67809
NC_029742.1	1011058031	Partenskyella glossopodia	72620	Partenskyella glossopodia	552666
NC_029743.1	1011058105	Lotharella vacuolata	71557	Lotharella vacuolata	74820
NC_029856.1	1016882691	Sargassum horneri	124068	Sargassum horneri	74089
NC_029857.1	1016880337	Sporolithon durum	191464	Sporolithon durum	48970
NC_029858.1	1016880541	Gelidium elegans	174748	Gelidium elegans	37200
NC_029859.1	1016880742	Gelidium vagum	179853	Gelidium vagum	35171
NC_029860.1	1016882831	Gracilaria chilensis	185637	Agarophyton chilense	2510777
NC_029861.1	1016880943	Porphyra pulchra	194175	Pyropia pulchra	60925
NC_030338.1	1037241293	Coeloseira compressa	176291	Coeloseira compressa	1852973
NC_031144.1	1070107253	Rhodymenia pseudopalmata	194153	Rhodymenia pseudopalmata	31502
NC_031145.1	1070107455	Ahnfeltia plicata	190451	Ahnfeltia plicata	28023
NC_031146.1	1070107661	Hildenbrandia rubra	180141	Hildenbrandia rubra	31481
NC_031147.1	1070107852	Palmaria palmata	192960	Palmaria palmata	2822
NC_031148.1	1070108057	Asparagopsis taxiformis	177091	Asparagopsis taxiformis	260499
NC_031149.1	1070108261	Gracilaria chorda	182459	Gracilariopsis chorda	448386
NC_031161.1	1070108647	Dasya binghamiae	177213	Dasya binghamiae	1896963
NC_031167.1	1070109006	Mastocarpus papillatus	184382	Mastocarpus papillatus	31436
NC_031168.1	1070109209	Schimmelmannia schousboei	181030	Schimmelmannia schousboei	173468
NC_031169.1	1070109412	Schizymenia dubyi	183959	Schizymenia dubyi	38368
NC_031170.1	1070109617	Sebdenia flabellata	192140	Sebdenia flabellata	42024
NC_031171.1	1070109823	Thorea hispida	175193	Thorea hispida	202687
NC_031172.1	1070110017	Apophlaea sinclairii	182437	Apophlaea sinclairii	212746
NC_031173.1	1070110207	Bangiopsis subsimplex	204784	Bangiopsis subsimplex	139980
NC_031174.1	1070110402	Ceramium japonicum	171634	Ceramothamnion japonicum	218448
NC_031175.1	1070110602	Porphyridium sordidum	259429	Porphyridium sordidum	28024
NC_031176.2	1236512059	Erythrotrichia carnea	210691	Erythrotrichia carnea	35151
NC_031177.1	1070110988	Hildenbrandia rivularis	189725	Hildenbrandia rivularis	135206
NC_031178.1	1070064255	Kumanoa americana	184025	Kumanoa americana	1196377
NC_031179.1	1070111173	Plocamium cartilagineum	171392	Plocamium cartilagineum	31452
NC_031211.1	1070113604	Ceramium sungminbooi	171923	Campylaephora sungminbooi	1896769
NC_031425.1	1079488453	Toxarium undulatum	141681	Toxarium undulatum	210620
NC_031654.1	1088582004	Helminthora furcellata	184585	Helminthora furcellata	1884666
NC_031655.1	1088582298	Dermonema virens	184997	Dermonema virens	1077399
NC_031656.1	1088582587	Dichotomaria marginata	184395	Dichotomaria marginata	268567
NC_031657.1	1088582917	Galaxaura rugosa	181215	Galaxaura rugosa	268570
NC_031658.1	1088583216	Helminthocladia australis	185694	Helminthocladia australis	260093
NC_031659.1	1088583482	Hommersandiophycus borowitzkae	184728	Hommersandiophycus borowitzkae	268573
NC_031660.1	1088583743	Izziella formosana	183248	Izziella formosana	1653389
NC_031661.1	1088584093	Liagora harveyana	182933	Liagora harveyana	406718
NC_031662.1	1088584386	Liagoropsis maxima	189564	Liagoropsis maxima	1653392
NC_031663.1	1088584710	Neoizziella asiatica	183313	Neoizziella asiatica	1077397
NC_031664.1	1088585058	Scinaia undulata	183795	Scinaia undulata	1884664
NC_031665.1	1088585393	Titanophycus setchellii	183356	Titanophycus setchellii	940129
NC_031666.1	1088585687	Yamadaella caenomyce	182460	Yamadaella caenomyce	259029
NC_031667.1	1088585965	Liagora brachyclada	182937	Liagora brachyclada	1884665
NC_031668.1	1088586234	Trichogloeopsis pedicelleta	183497	Trichogloeopsis pedicellata	1495610
NC_032041.1	1111669101	Membranoptera platyphylla	176159	Membranoptera platyphylla	1204437
NC_032045.1	1111669478	Pleurocladia lacustris	138815	Pleurocladia lacustris	246121
NC_032288.1	1125812227	Coccophora langsdorfii	124450	Coccophora langsdorfii	74099
NC_032396.1	1125814121	Membranoptera weeksiae	176070	Membranoptera weeksiae	158720
NC_032399.1	1125814334	Membranoptera tenuis	176031	Membranoptera tenuis	158698
NC_033877.1	1150147874	Gracilaria firma	187001	Gracilaria firma	2510791
NC_034776.1	1197710964	Boldia erythrosiphon	226658	Boldia erythrosiphon	74908
NC_034787.1	1197512734	Bulboplastis apyrenoidosa	610063	Bulboplastis apyrenoidosa	1070855
NC_035156.1	1211677883	Euglena archaeoplastidiata	97245	Euglena archaeoplastidiata	1188008
NC_035231.1	1215836001	Sheathia arcuata	187354	Sheathia arcuata	340433
NC_035257.1	1215837215	Dipterocladia arabiensis	173119	Dipterocladia arabiensis	2007176
NC_035258.1	1215837422	Platysiphonia delicata	171598	Platysiphonia delicata	2006979
NC_035259.1	1215786461	Laurenciella marilzae	172014	Laurenciella marilzae	1413812
NC_035260.1	1215837633	Acrosorium ciliolatum	176064	Acrosorium ciliolatum	1550622
NC_035261.1	1215837845	Periphykon beckeri	168283	Periphykon beckeri	2006982
NC_035262.1	1215838054	Osmundaria fimbriata	183995	Osmundaria fimbriata	228265
NC_035263.1	1215838283	Caloglossa monosticha	165111	Caloglossa monosticha	76906
NC_035264.1	1215838489	Bostrychia tenella	170809	Bostrychia tenella	324755
NC_035265.1	1215838701	Caloglossa intermedia	166397	Caloglossa intermedia	100879
NC_035266.1	1215838916	Bostrychia moritziana	171750	Bostrychia moritziana	103713
NC_035268.1	1215839351	Bostrychia simpliciuscula	167514	Bostrychia simpliciuscula	324754
NC_035269.1	1215839558	Caloglossa beccarii	165038	Caloglossa beccarii	131038
NC_035270.1	1215839765	Polysiphonia sertularioides	166000	Polysiphonia sertularioides	945028
NC_035271.1	1215839974	Rhodomela confervoides	175951	Rhodomela confervoides	35163
NC_035272.1	1215840191	Polysiphonia brodiei	169795	Leptosiphonia brodiei	2608611
NC_035273.1	1215840408	Vertebrata thuyoides	168951	Vertebrata thuyoides	2006970
NC_035274.1	1215840621	Polysiphonia elongata	168290	Polysiphonia elongata	159753
NC_035275.1	1215840832	Polysiphonia stricta	169061	Polysiphonia stricta	173545
NC_035276.1	1215841039	Bryothamnion seaforthii	175547	Alsidium seaforthii	2007182
NC_035277.1	1215841261	Polysiphonia infestans	165237	Polysiphonia infestans	2006978
NC_035278.1	1215841474	Vertebrata isogona	167445	Vertebrata isogona	2006944
NC_035279.1	1215841685	Herposiphonia versicolor	166895	Herposiphonia versicolor	2007163
NC_035280.1	1215841894	Dasya naccarioides	170970	Dasya naccarioides	2007180
NC_035281.1	1215842100	Melanothamnus harveyi	164979	Melanothamnus harveyi	397005
NC_035282.1	1215842312	Polysiphonia scopulorum	168001	Polysiphonia scopulorum	257860
NC_035283.1	1215842524	Vertebrata australis	167318	Vertebrata australis	1967852
NC_035284.1	1215842729	Ophidocladus simpliciusculus	168531	Ophidocladus simpliciusculus	1261574
NC_035285.1	1215842938	Spyridia filamentosa	175578	Spyridia filamentosa	196632
NC_035286.1	1215843161	Thuretia quercifolia	174510	Thuretia quercifolia	189650
NC_035287.1	1215843378	Dasyclonium flaccidum	170203	Dasyclonium flaccidum	2007274
NC_035288.1	1215843588	Dipterosiphonia australica	169341	Dipterosiphonia australica	2007208
NC_035289.1	1215843798	Sonderella linearis	169619	Sonderella linearis	110477
NC_035290.1	1215844005	Gredgaria maugeana	167948	Gredgaria maugeana	2007213
NC_035291.1	1215844214	Thaumatella adunca	169659	Thaumatella adunca	2006976
NC_035292.1	1215844422	Lophocladia kuetzingii	175085	Lophocladia kuetzingii	675577
NC_035293.1	1215844649	Kuetzingia canaliculata	178949	Kuetzingia canaliculata	228262
NC_035294.1	1215844873	Cliftonaea pectinata	174482	Cliftonaea pectinata	2007206
NC_035295.1	1215845093	Taenioma perpusillum	163418	Taenioma perpusillum	210852
NC_035296.1	1215845300	Polysiphonia schneideri	163271	Kapraunia schneideri	717899
NC_035297.1	1215786666	Dictyomenia sonderi	168768	Dictyomenia sonderi	2007178
NC_035298.1	1215845508	Digenea simplex	174848	Digenea simplex	945030
NC_035299.1	1215845721	Tolypiocladia glomerulata	165623	Tolypiocladia glomerulata	860646
NC_035350.1	1215848283	Compsopogon caeruleus	221013	Compsopogon caeruleus	31354
NC_035573.1	1236517715	Porphyra umbilicalis	190173	Porphyra umbilicalis	2786
NC_035720.1	1238820786	Cryptomonas curvata	128285	Cryptomonas curvata	233186
NC_035721.1	1238820933	Chroomonas placoidea	139432	Chroomonas placoidea	173977
NC_036804.1	1340296591	Dictyopteris divaricata	126099	Dictyopteris divaricata	156996
NC_036937.1	1347725299	Chrysochromulina parva	104520	Chrysochromulina parva	127563
NC_037841.1	1418579793	Grateloupia filicina	195990	Grateloupia filicina	31455
NC_037995.1	1418586991	Plagiogramma staurophorum	201816	Plagiogramma staurophorum	1003089
NC_037996.1	1418587140	Rhizosolenia setigera	121011	Sundstroemia setigera	3005
NC_037997.1	1418587279	Plagiogrammopsis vanheurckii 	139305	Plagiogrammopsis vanheurckii	1234821
NC_037998.1	1418587414	Guinardia striata	122145	Guinardia striata	1514137
NC_037999.1	1418587553	Attheya longicornis 	129565	Attheya longicornis	451786
NC_038000.1	1418587688	Actinocyclus subtilis	119120	Actinocyclus subtilis	1630683
NC_038001.1	1418587827	Entomoneis sp.	122056	Entomoneis sp.	186043
NC_038002.1	1418587958	Triceratium dubium	120381	Pseudictyota dubia	2749911
NC_038003.1	1418588091	Rhizosolenia fallax	125283	Rhizosolenia fallax	265545
NC_038004.1	1418588230	Psammoneis obaidii 	168922	Psammoneis obaidii	1706219
NC_038005.1	1418588366	Cyclotella pseudostelligera 	129261	Discostella pseudostelligera	259834
NC_038006.1	1418588508	Biddulphia biddulphiana	122128	Biddulphia biddulphiana	1158022
NC_038007.1	1418588641	Biddulphia tridens	126286	Biddulphiella tridens	1003022
NC_038008.1	1418588773	Astrosyne radiata 	131032	Astrosyne radiata	1158023
NC_038009.1	1418588907	Acanthoceras zachariasii	120392	Acanthoceras zachariasii	451788
NC_038051.1	1436049179	Gracilaria changii	183855	Gracilaria firma	2510791
NC_038100.1	1436051580	Gracilariopsis heteroclada	185129	Gracilariopsis heteroclada	172978
NC_038144.1	1436053401	Porolithon onkodes	170468	Porolithon onkodes	231751
NC_038187.1	1442328996	Euglena clara	98470	Euglena clara	215708
NC_038215.1	1442329720	Cyanophora sudae	150128	Cyanophora sudae	1522369
NC_038216.1	1442329883	Cyanophora biloba	130509	Cyanophora biloba	1489483
NC_038231.1	1442330304	Endarachne binghamiae	136274	Petalonia binghamiae	698476
NC_039092.1	1464311456	Gracilaria vermiculophylla	180254	Gracilaria vermiculophylla	2608709
NC_039139.1	1464312551	Gracilaria caudata	182933	Gracilaria caudata	2572395
NC_039140.1	1464312756	Gracilaria ferox	180255	Gracilaria ferox	1184158
NC_039141.1	1464312961	Gracilaria gracilis	180807	Gracilaria gracilis	2777
NC_039142.1	1464313166	Hydropuntia rangiferina	178841	Hydropuntia rangiferina	338881
NC_039143.1	1464313372	Gracilariopsis longissima	181896	Gracilariopsis longissima	172976
NC_039144.1	1464313577	Gracilariopsis mclachlanii	184980	Gracilariopsis mclachlanii	486813
NC_039145.1	1464313781	Melanthalia intermedia	218416	Melanthalia intermedia	172989
NC_039156.1	1464314298	Euglena hiemalis	128302	Euglena hiemalis	392896
NC_039927.1	1526689943	Phacus pleuronectes	90869	Phacus pleuronectes	102908
NC_039928.1	1526690007	Lepocinclis ovum	69550	Lepocinclis ovum	86638
NC_039967.1	1526692183	Phacus inflexus	58112	Phacus inflexus	461210
NC_039968.1	1526692244	Lepocinclis tripteris	81048	Lepocinclis tripteris	135494
NC_039969.1	1526692306	Discoplastis spathirhyncha	83936	Discoplastis spathirhyncha	215771
NC_039970.1	1526692368	Lepocinclis playfairiana	77415	Lepocinclis playfairiana	1403386
NC_039971.1	1526692431	Lepocinclis steinii	82134	Lepocinclis steinii	459226
NC_039977.1	1526692923	Synarthrophyton chejuense	179264	Synarthrophyton chejuense	2485825
NC_039978.1	1526693125	Neogoniolithon spectabile	174280	Neogoniolithon spectabile	231755
NC_040134.1	1535790385	Synura uvella	133257	Synura uvella	52557
NC_040135.1	1535790537	Mallomonas splendens	146918	Mallomonas splendens	52552
NC_040152.1	1535791121	Glaucocystis incrassata	137017	Glaucocystis incrassata	1789788
NC_040153.1	1535791287	Gloeochaete wittrockiana	143343	Gloeochaete wittrockiana	38269
NC_040156.1	1535791495	Gelidium gabrielsonii	175499	Gelidium gabrielsonii	2483892
NC_040158.1	1535791721	Gelidium kathyanniae	176549	Gelidium kathyanniae	2483893
NC_040291.1	1567481354	Tisochrysis lutea	105837	Tisochrysis lutea	1321669
NC_040294.1	1567481492	Characiopsis acuta	121124	Characiopsis acuta	2040456
NC_040296.1	1567481799	Eustigmatophyceae sp.	125946	Eustigmatophyceae sp. Chic 10/23 P-6w	1446905
NC_040299.1	1567482280	Pseudellipsoidion edaphicum	123658	Pseudellipsoidion edaphicum	1431838
NC_040300.1	1567482445	Vischeria sp.	126352	Vischeria sp. ACOI 3415	2506143
NC_041173.1	1593553332	Gelidium coulteri	177099	Gelidium coulteri	28849
NC_041174.1	1593553533	Gelidium galapagense	176601	Gelidium galapagense	317100
NC_041175.1	1593553734	Gelidium sinicola	177095	Gelidium sinicola	1911539
NC_041636.1	1610634456	Corallina ferreyrae	176889	Corallina ferreyrae	2547422
NC_042170.1	1642519642	Acrochaetium secundatum	192311	Acrochaetium secundatum	209631
NC_042171.1	1642519849	Balbiania investiens	186778	Balbiania investiens	111861
NC_042794.1	1693293205	Pleurostichidium falkenbergii	169139	Pleurostichidium falkenbergii	121064
NC_042901.1	1693300932	Corallina chilensis	178350	Corallina chilensis	2582857
NC_043890.1	1707501273	Rhizochromulina marina	109450	Rhizochromulina marina	1034831
NC_043929.1	1707503388	Dictyocha speculum	140025	Octactis speculum	3111310
NC_044182.1	1714235469	Lessonia spicata	130305	Lessonia spicata	1899210
NC_044407.1	1735234721	Florenciella parvula	108152	Florenciella parvula	236787
NC_044408.1	1735234843	Pseudopedinella elastica	112413	Pseudopedinella elastica	35684
NC_044463.1	1735236402	Halamphora americana 	142551	Halamphora americana	2305497
NC_044464.1	1735236539	Halamphora calidilacuna 	150738	Halamphora calidilacuna	2133758
NC_044465.1	1735236684	Halamphora coffeaeformis	121927	Halamphora coffeiformis	1487565
NC_044491.1	1735238235	Haslea nusantara	120448	Haslea nusantara	2600302
NC_044689.1	1747252729	Laminaria digitata	130377	Laminaria digitata	80365
NC_044690.1	1747252837	Laminaria solidungula	130784	Laminaria solidungula	309363
NC_044758.1	1747451133	Scytosiphon canaliculatus	133508	Hapterophycus canaliculatus	2567908
NC_044785.1	1747452203	Nitzschia alba	66116	Nitzschia alba	2858
NC_045244.1	1783488149	Fragilariopsis cylindrus	123275	Fragilariopsis cylindrus	186039
NC_046005.1	1819288843	Cladosiphon okamuranus	137324	Cladosiphon okamuranus	309737
NC_046041.1	1819290067	Gracilaria edulis	179410	Gracilaria edulis	172966
NC_046042.1	1819290269	Gracilaria spinulosa	179082	Gracilaria spinulosa	172972
NC_046043.1	1819290472	Gracilaria textorii	179609	Gracilaria textorii	172949
NC_046447.1	1824662891	Scytosiphon promiscuus	134358	Scytosiphon promiscuus	1403536
NC_046495.1	1824664458	Palmaria decipiens	193007	Palmaria decipiens	187399
NC_046751.1	1829766670	Halymenia maculata	190431	Halymenia maculata	159591
NC_047434.1	1834977475	Caulacanthus okamurae	173516	Caulacanthus okamurae	152008
NC_048511.1	1847693105	Sargassum fusiforme	124298	Sargassum fusiforme	590727
NC_049013.1	1863127495	Pavlova sp.	95281	Pavlova sp. NIVA-4/92	2686093
NC_049039.1	1863129038	Saccharina latissima	130619	Saccharina latissima	309358
NC_049168.1	1863137453	Isochrysis galbana	105872	Isochrysis galbana	37099
NC_051457.1	1935444858	Osmundea sinicola	171419	Osmundea sinicola	290685
NC_051883.1	1942099282	Cyanidiococcus yangmingshanensis	147972	Cyanidiococcus yangmingshanensis	2690220
NC_053621.1	2017998164	Chaetoceros muellerii	116284	Chaetoceros muelleri	265525
NC_053868.1	2018127600	Schizocladia ischiensis	138101	Schizocladia ischiensis	196139
NC_056103.1	2055401958	Pteridomonas danica	33539	Pteridomonas danica	38822
NC_056288.1	2055412915	Lessonia flavicans	130085	Lessonia flavicans	169771
NC_056787.1	2088232260	Nitzschia supralitorea	156261	Nitzschia supralitorea	303403
NC_056790.1	2088232490	Fistulifera saprophila	122456	Fistulifera saprophila	880757
NC_056791.1	2088232623	Tryblionella apiculata	137576	Tryblionella apiculata	1003145
NC_056794.1	2088232843	Navicula veneta	155908	Navicula veneta	138539
NC_056910.1	2088238071	Poterioochromonas malhamensis	133923	Poterioochromonas malhamensis	88167
NC_057081.1	2088246274	Scytosiphon lomentaria	134485	Scytosiphon lomentaria	27967
NC_057170.1	2088251776	Olisthodiscus luteus	155916	Olisthodiscus luteus	83000
NC_057222.1	2088254919	Cumathamnion serrulatum	174192	Cumathamnion serrulatum	1206573
NC_057231.1	2088255540	Laminaria rodriguezii	130541	Laminaria rodriguezii	1740620
NC_057618.1	2091533288	Chondria tumulosa	172617	Chondria tumulosa	2740715
NC_057645.1	2091535207	Eucampia zodiacus	118107	Eucampia zodiacus	444606
NC_058274.1	2120473480	Macrocystis integrifolia	129320	Macrocystis integrifolia	169774
NC_058314.1	2120478169	Ishige okamurae	129988	Ishige okamurae	233772
NC_058651.1	2127864360	Gracilaria baiana	179484	Gracilaria baiana	2873517
NC_058652.1	2127864564	Crassiphycus birdiae	183364	Crassiphycus birdiae	2782747
NC_058653.1	2127864771	Gracilaria bursa-pastoris	181313	Gracilaria bursa-pastoris	172962
NC_058655.1	2127865186	Gracilaria cearensis	182079	Gracilaria cearensis	1574224
NC_058656.1	2127865392	Gracilaria cervicornis	180132	Gracilaria cervicornis	172960
NC_058657.1	2127865598	Gracilaria cliftonii	180810	Gracilaria cliftonii	206548
NC_058658.1	2127865805	Crassiphycus corneus	182454	Gracilaria cornea	356490
NC_058659.1	2127866009	Crassiphycus crassissimus	181978	Crassiphycus crassissimus	2783451
NC_058660.1	2127866214	Gracilaria domingensis	179662	Gracilaria domingensis	172961
NC_058661.1	2127866418	Gracilaria flabelliformis subsp. simplex	179295	Gracilaria flabelliformis subsp. simplex	1638138
NC_058662.1	2127866623	Gracilaria isabellana	181790	Gracilaria isabellana	1183060
NC_058663.1	2127866830	Gracilaria multipartita	179145	Gracilaria multipartita	172945
NC_058664.1	2127867034	Gracilaria ornata	178896	Gracilaria ornata	172946
NC_058665.1	2127867239	Gracilaria pachydermatica	179707	Gracilaria pachydermatica	2873518
NC_058666.1	2127867444	Gracilaria pacifica	152521	Gracilaria pacifica	31471
NC_058667.1	2127867622	Gracilaria tikvahiae	179992	Gracilaria tikvahiae	2779
NC_058668.1	2127867827	Hydropuntia urvillei	178239	Gracilaria urvillei	172974
NC_058669.1	2127868028	Gracilaria usneoides	183376	Gracilaria usneoides	172951
NC_058670.1	2127868234	Gracilariopsis tenuifrons	184308	Gracilariopsis tenuifrons	31472
NC_058701.1	2127869764	Skeletonema marinoi	127212	Skeletonema marinoi	267567
NC_058702.1	2127869906	Skeletonema tropicum	127112	Skeletonema tropicum	267982
NC_058703.1	2127870048	Skeletonema costatum	127351	Skeletonema costatum	2843
NC_058704.1	2127870190	Skeletonema pseudocostatum	127011	Skeletonema pseudocostatum	41457
NC_058705.1	2127870332	Skeletonema grevillei	126883	Skeletonema grevillei	371681
NC_058737.1	2127872957	Ahnfeltia fastigiata	193253	Ahnfeltia fastigiata	31363
NC_058751.1	2127874173	Chorda filum	143970	Chorda filum	64905
NC_058752.1	2127874251	Grateloupia livida	126100	Grateloupia livida	118374
NC_058768.1	2127875460	Alaria crispa	130588	Alaria crispa	441892
NC_058769.1	2127875602	Alaria marginata	130582	Alaria marginata	98221
NC_058770.1	2127875744	Alaria esculenta	130591	Alaria esculenta	2889
NC_058771.1	2127875886	Alaria crassifolia	130514	Alaria crassifolia	98220
NC_058772.1	2127876028	Alaria praelonga	130514	Alaria praelonga	88159
NC_058780.1	2127876750	Pseudo-nitzschia delicatissima	122441	Pseudo-nitzschia delicatissima	44447
NC_058781.1	2127876878	Pseudo-nitzschia micropora	123713	Pseudo-nitzschia micropora	186175
NC_058782.1	2127877007	Pseudo-nitzschia americana	116546	Pseudo-nitzschia americana	44446
NC_058783.1	2127877134	Pseudo-nitzschia pungens	124309	Pseudo-nitzschia pungens	37318
NC_058784.1	2127877266	Pseudo-nitzschia multistriata	123405	Pseudo-nitzschia multistriata	183589
NC_058785.1	2127877394	Pseudo-nitzschia cuspidata	123664	Pseudo-nitzschia cuspidata	237455
NC_058786.1	2127877523	Pseudo-nitzschia simulans	133064	Pseudo-nitzschia simulans	2023136
NC_058875.1	2127884309	Thalassiosira profunda	129257	Thalassiosira profunda	376140
NC_058876.1	2127884451	Thalassiosira rotula	129180	Thalassiosira rotula	49265
NC_058877.1	2127884593	Thalassiosira nordenskioeldii	128737	Thalassiosira nordenskioeldii	83372
NC_058878.1	2127884735	Thalassiosira tenera	138532	Thalassiosira tenera	291031
NC_059929.1	2172620591	Coscinodiscus wailesii	122056	Coscinodiscus wailesii	671091
NC_059930.1	2172620731	Coscinodiscus granii	123615	Coscinodiscus granii	265552
NC_060857.1	2192939962	Thalassionema bacillare	124165	Thalassionema bacillare	426664
NC_060858.1	2192940090	Thalassionema frauenfeldii	140121	Thalassionema frauenfeldii	186022
NC_060859.1	2192940221	Thalassionema nitzschioides	131583	Thalassionema nitzschioides	33649
NC_061046.1	2199203432	Nitzschia ovalis 	140703	Nitzschia ovalis	908985
NC_061047.1	2199203581	Nitzschia traheaformis 	166822	Nitzschia traheaformis	1881117
NC_061048.1	2199203738	Psammodictyon constrictum 	186015	Psammodictyon constrictum	515483
NC_061049.1	2199203925	Bacillaria paxillifer	119449	Bacillaria paxillifer	3003
NC_061768.1	2214678991	Silvetia siliquosa	124991	Silvetia siliquosa	93837
NC_062300.1	2222300041	Porphyridium aerugineum	201607	Porphyridium aerugineum	2792
NC_062301.1	2222300232	Rhodella violacea	903688	Rhodella violacea	2801
NC_062379.1	2222323044	Chroothece richteriana	207333	Chroothece richteriana	101928
NC_062380.1	2222303409	Tsunamia transpacifica	207429	Tsunamia transpacifica	1935457
NC_062381.1	2222323241	Chroodactylon ornatum	207095	Chroodactylon ornatum	139907
NC_062382.1	2222303605	Goniotrichopsis reniformis	240595	Goniotrichopsis reniformis	468933
NC_062383.1	2222303805	Rhodospora sordida	208685	Rhodospora sordida	362230
NC_062384.1	2222304002	Stylonema alsidii	204775	Stylonema alsidii	35155
NC_062385.1	2222304201	Madagascaria erythrocladioides	216426	Madagascaria erythrocladioides	753684
NC_062386.1	2222304398	Pseudoerythrocladia kornmannii	216464	Pseudoerythrocladia kornmannii	753682
NC_062387.1	2222304592	Pulvinaster venetus	224653	Pulvinaster venetus	427767
NC_062388.1	2222304792	Dixoniella grisea	516819	Dixoniella grisea	35153
NC_062389.1	2222304965	Sahlingia subintegra	211447	Sahlingia subintegra	468936
NC_062390.1	2222323438	Timspurckia oligopyrenoides	291973	Timspurckia oligopyrenoides	708627
NC_062391.1	2222305162	Erythrolobus coxiae	297871	Erythrolobus coxiae	362235
NC_062392.1	2222305355	Bangia atropurpurea	194293	Bangia atropurpurea	31347
NC_062393.1	2222305564	Rhodaphanes brevistipitata	227519	Rhodaphanes brevistipitata	446136
NC_062394.1	2222305766	Glaucosphaera vacuolata	475182	Glaucosphaera vacuolata	38265
NC_063631.1	2248504590	Chaetoceros gelidus	117569	Chaetoceros gelidus	1497510
NC_063632.1	2248504644	Pterothamnion plumula	175683	Pterothamnion plumula	173462
NC_063782.1	2248512167	Gephyrocapsa oceanica	107088	Gephyrocapsa oceanica	38817
NC_063783.1	2248512278	Gephyrocapsa muellerae	107034	Gephyrocapsa muellerae	1663125
NC_063784.1	2248512389	Gephyrocapsa ericsonii	105307	Gephyrocapsa ericsonii	1856766
NC_063785.1	2248512500	Gephyrocapsa parvula	105309	Gephyrocapsa parvula	1856765
NC_064337.1	2258688397	Sargassum siliquastrum	124529	Sargassum siliquastrum	127572
NC_064730.1	2273785247	Sargassum polycystum	124493	Sargassum polycystum	127578
NC_064732.1	2273785425	Sargassum plagiophyllum	124536	Sargassum plagiophyllum	1436148
NC_065317.1	2281553925	Gonyostomum semen	122284	Gonyostomum semen	375454
NC_065318.1	2281554083	Merotricha bacillata	123907	Merotricha bacillata	658122
NC_065319.1	2281554244	Vacuolaria virescens	137965	Vacuolaria virescens	44451
NC_065320.1	2281554410	Chattonella marina	138736	Chattonella marina	90936
NC_065321.1	2281554583	Haramonas pauciplastida	177770	Haramonas pauciplastida	478668
NC_065322.1	2281554781	Fibrocapsa japonica	248913	Fibrocapsa japonica	94617
NC_065334.1	2281555769	Macrocystis pyrifera	130201	Macrocystis pyrifera	35122
NC_065388.1	2281559540	Nitzschia dubiiformis 	179935	Nitzschia dubiiformis	515482
NC_065488.1	2284060541	Vischeria punctata	126425	Vischeria punctata	643629
NC_066049.1	2301267678	Synarthrophyton patena	181685	Synarthrophyton patena	48972
NC_066050.1	2301267877	Sargassum confusum	124368	Sargassum confusum	74091
NC_066074.1	2301268781	Haslea avium	137691	Navicula avium	2018708
NC_066075.1	2301268953	Navicula arenaria	147331	Navicula arenaria	355634
NC_066076.1	2301280769	Haslea tsukamotoi	136784	Navicula tsukamotoi	2018706
NC_066077.1	2301269116	Pleurosigma intermedium	174382	Pleurosigma intermedium	197753
NC_066178.1	2301275870	Chlorobotrys sp.	126383	Chlorobotrys sp.	2859677
NC_066180.1	2301276154	Neustupella aerophytica	125957	Neustupella aerophytica	2962111
NC_066181.1	2301276298	Lietzensia polymorpha	120721	Lietzensia polymorpha	2962110
NC_066452.1	2307923081	Hypnea cervicornis	176446	Hypnea cervicornis	387623
NC_066457.1	2307923332	Sargassum fulvellum	124277	Sargassum fulvellum	3016
NC_066458.1	2307923472	Sargassum macrocarpum	124517	Sargassum macrocarpum	74092
NC_066459.1	2307923612	Sargassum serratifolium	124514	Sargassum serratifolium	127450
NC_066971.1	2314983126	Grateloupia turuturu	188575	Grateloupia turuturu	118375
NC_066976.1	2314983520	Eutreptiella eupharyngea	105379	Eutreptiella eupharyngea	215702
NC_067581.1	2328348073	Haslea pseudostrearia	135959	Haslea pseudostrearia	197756
NC_067582.1	2328348214	Haslea provincialis	118665	Haslea provincialis	1764367
NC_067583.1	2328348346	Haslea karadagensis	121340	Haslea karadagensis	1146996
NC_067848.1	2328365172	Gomphonema parvulum	121035	Gomphonema parvulum	97227
NC_067951.1	2328368395	Helicotheca tamesis	123522	Helicotheca tamesis	374047
NC_067952.1	2328368533	Ditylum brightwellii	122659	Ditylum brightwellii	49249
NC_067953.1	2328368672	Lithodesmioides polymorpha	123632	Lithodesmioides polymorpha	1003075
NC_067954.1	2328368811	Hemiaulus sinensis	124314	Hemiaulus sinensis	1003062
NC_067955.1	2328368948	Odontella regia	119486	Trieres regia	1335017
NC_067956.1	2328369080	Minidiscus spinulatus 	137682	Minidiscus spinulatus	2593073
NC_067957.1	2328369222	Tenuicylindrus belgicus	122085	Tenuicylindrus belgicus	1398096
NC_069042.1	2414555156	Cryptomonas pyrenoidifera	129522	Cryptomonas pyrenoidifera	233184
NC_069609.1	2429802910	Stephanopyxis turris 	135791	Stephanopyxis turris	515487
NC_069610.1	2429803054	Paralia sulcata 	132157	Paralia sulcata	216927
NC_069611.1	2429803190	Guinardia delicatula	123772	Guinardia delicatula	1244696
NC_069636.1	2429804553	Chrysotila carterae	108900	Chrysotila carterae	13221
NC_070142.1	2431517766	Rhodomelopsis africana	168020	Rhodomelopsis africana	1917047
NC_070143.1	2431517961	Deltalsia parasitica	167990	Deltalsia parasitica	1424640
NC_070144.1	2431518157	Pterosiphonia complanata	167972	Pterosiphonia complanata	884089
NC_070145.1	2431518350	Amplisiphonia pacifica	167793	Amplisiphonia pacifica	1563190
NC_070146.1	2431518544	Xiphosiphonia pinnulata	168757	Xiphosiphonia pinnulata	2305477
NC_070147.1	2431518740	Tayloriella tenebrosa	168123	Tayloriella tenebrosa	1917049
NC_070148.1	2431518935	Symphyocladia marchantioides	169917	Symphyocladia marchantioides	88360
NC_070408.1	2431533520	Ecklonia radiata	130955	Ecklonia radiata	309355
NC_071183.1	2440030975	Saccharina longissima	130569	Saccharina longissima	416841
NC_071859.1	2452629968	Colacium mucronatum	147974	Colacium mucronatum	167756
NC_071860.1	2452630029	Euglena agilis	107929	Euglena agilis	96764
NC_071861.1	2452630092	Euglena deses	83748	Euglena deses	66845
NC_071862.1	2452630154	Euglena undulata	92487	Euglena undulata	1685799
NC_071863.1	2452630213	Flexiglena variabilis	105412	Flexiglena variabilis	2743688
NC_071864.1	2452630277	Phacus arnoldii	84299	Phacus arnoldii	298292
NC_071865.1	2452630341	Strombomonas costata	185621	Strombomonas costata	161230
NC_072236.1	2459373663	Galdieria phlegrea	168452	Galdieria phlegrea	1389228
NC_072616.1	2468681466	Hypnea brasiliensis	151109	Hypnea brasiliensis	1866962
NC_072617.1	2468681668	Hypnea spinella	171565	Hypnea spinella	105608
NC_072618.1	2468681891	Hypnea edeniana	122259	Hypnea edeniana	1524265
NC_072630.1	2468683651	Stephanodiscus niagarae	129702	Stephanodiscus niagarae	29208
NC_072969.1	2473932492	Phaeocystis rex	110250	Phaeocystis rex	1631189
NC_079641.1	2519761033	Lophurella caespitosa	167946	Lophurella caespitosa	2666335
NC_079642.1	2519761232	Lophurella hookeriana	168141	Lophurella hookeriana	2509022
NC_079643.1	2519761431	Lophurella mutabilis	168279	Lophurella mutabilis	2666336
NC_079644.1	2519761630	Aphanocladia stichidiosa	168119	Lophurella stichidiosa	2008659
NC_079645.1	2519761829	Aphanocladia delicatula	167899	Aphanocladia delicatula	3041656
NC_079646.1	2519762028	Echinothamnion hookeri	168059	Echinothamnion hookeri	2008680
NC_079647.1	2519762227	Echinothamnion hystrix	168117	Echinothamnion hystrix	1917029
NC_079820.1	2519774198	Saccharina japonica x Saccharina latissima	130568	Saccharina japonica x Saccharina latissima	1041932
NC_079843.1	2519776073	Ceramium boydenii	171790	Campylaephora boydenii	202204
NC_080230.1	2524642766	Nemalion vermiculare	182806	Nemalion vermiculare	935621
OK323194.1	2132860352	Sargassum kjellmanianum	124385	Sargassum kjellmanianum	2886216
OK729588.1	2310599052	Navicula tsukamotoi	147531	Navicula tsukamotoi	2018706
OL855994.1	2316017646	Odontella aurita var. minima	120292	Ralfsiella minima	1334967
OM827248.1	2392241427	Actinocyclus sp.	120465	Actinocyclus sp. (in: diatoms)	1923973
ON390793.1	2396590600	Amicula sp.	179134	Amicula sp. isolate GU52X-4 cfCalB7	3003489
OP616811.1	2444164375	Sciadococcus taiwanensis	208244	Sciadococcus taiwanensis	3028030
OP616812.1	2444164599	Gronococcus sybilensis	192265	Gronococcus sybilensis	3028029
OP616814.1	2444165001	Galdieria yellowstonensis	166213	Galdieria yellowstonensis	3028027
OP616817.1	2444165523	Cyanidium sp.	169863	Cyanidium sp. THAL103	3027999
OP616820.1	2444166115	Cavernulicola chilensis	197882	Cavernulicola chilensis	3028028
OQ612619.1	2483491637	Cryptomonas gyropyrenoidosa	128773	Cryptomonas gyropyrenoidosa	233257
OQ694379.1	2497507580	Fragilaria capucina var. mesolepta	118802	Fragilaria capucina var. mesolepta	1043707
OQ694380.1	2497507710	Ulnaria ulna	116024	Ulnaria ulna	426669
OQ731394.1	2491979782	Echinothamnion sp.	167824	Echinothamnion sp.	2509025
OQ731399.1	2491980831	Lophurella sp.	167005	Lophurella pseudocorticata	3041655
NC_002186.1	11466344	Mesostigma viride	118360	Mesostigma viride	41882
NC_004115.1	22711893	Chaetosphaeridium globosum	131183	Chaetosphaeridium globosum	96477
NC_004823.1	31442363	Eimeria tenella	34750	Eimeria tenella	5802
NC_008097.1	108773196	Chara vulgaris	184933	Chara vulgaris	55564
NC_008116.1	108796771	Staurastrum punctulatum	157089	Staurastrum punctulatum	102822
NC_008117.1	108796667	Zygnema circumcarinatum	165372	Zygnema circumcarinatum	35869
NC_008822.1	124112035	Chlorokybus atmophyticus	152254	Chlorokybus atmophyticus	3144
NC_022667.1	556927030	Leucocytozoon caulleryi	34779	Leucocytozoon caulleryi	211597
NC_023293.1	571137012	Plasmodium chabaudi chabaudi	29623	Plasmodium chabaudi chabaudi	31271
NC_024167.1	649131863	Klebsormidium flaccidum	176832	Klebsormidium flaccidum	3175
NC_024168.1	649131998	Roya anglica	138275	Roya anglica	43943
NC_024169.1	649132233	Mesotaenium endlicherianum	142017	Mesotaenium endlicherianum	184485
NC_024817.1	685508351	Prasinoderma coloniale	77750	Prasinoderma coloniale	156133
NC_025542.1	725651237	Interfilum terricola	187843	Interfilum terricola	163310
NC_028632.1	959148451	Cyclospora cayetanensis	34155	Cyclospora cayetanensis	88456
NC_030220.1	1031917306	Verdigellas peltata	79444	Verdigellas peltata	542676
NC_030313.1	1037243194	Entransia fimbriata	206025	Entransia fimbriata	130991
NC_030314.1	1037243314	Closterium baillyanum	201341	Closterium baillyanum	1416941
NC_030315.1	1037243410	Roya obtusa	138272	Roya obtusa	104537
NC_030355.1	1037242228	Spirogyra maxima	129954	Spirogyra maxima	3180
NC_030356.1	1037242320	Netrium digitus	131804	Netrium digitus	43946
NC_030357.1	1037242415	Cosmarium botrytis	207850	Cosmarium botrytis	33101
NC_030358.1	1037242505	Coleochaete scutata	107236	Coleochaete scutata	3125
NC_030359.1	1037242588	Cylindrocystis brebissonii	136938	Cylindrocystis brebissonii	102167
NC_031401.1	1079495358	Plasmodium malariae	34324	Plasmodium malariae	5858
NC_031963.1	1104175071	Plasmodium gallinaceum	29456	Plasmodium gallinaceum	5849
NC_031964.1	1104175103	Plasmodium relictum	29365	Plasmodium relictum	85471
NC_033387.1	1133409852	Palmophyllum crassum	79397	Palmophyllum crassum	1615899
NC_040295.1	1567481637	Eustigmatophyceae sp. Bat 8/9-7w	120042	Eustigmatophyceae sp. Bat 8/9-7w	2506144
NC_040297.1	1567481963	Eustigmatophyceae sp. Mont 10/10-1w	117466	Eustigmatophyceae sp. Mont 10/10-1w	2506145
NC_040298.1	1567482115	Eustigmatophyceae sp. Ndem 8/9T-3m6.8	120715	Eustigmatophyceae sp. Ndem 8/9T-3m6.8	2506146
NC_051845.1	1939514227	Plasmodium knowlesi strain H	30638	Plasmodium knowlesi strain H	5851
NC_063633.1	2248504700	Cosmarium blyttii	177876	Cosmarium blyttii	328281
NC_063634.1	2248504772	Cosmarium ochthodes	184257	Cosmarium ochthodes	485946
NC_066179.1	2301276014	Eustigmatophyceae sp. WTwin 8/9 T-6m6.8	119531	Eustigmatophyceae sp. WTwin 8/9 T-6m6.8	2974615
NC_081592.1	2571511609	Hypnea nidifica	173169	Hypnea nidifica	673448
NC_081593.1	2571511810	Hypnea nidulans	173835	Hypnea nidulans	673449
NC_081594.1	2571512011	Hypnea flava	174543	Hypnea flava	1524266
NC_081595.1	2571512211	Hypnea pseudomusciformis	173626	Hypnea pseudomusciformis	1545697
NC_081596.1	2571512411	Hypnea cornuta	173251	Hypnea cornuta	105603
NC_081597.1	2571512610	Hypnea cryptica	173464	Hypnea cryptica	2546159
NC_081598.1	2571512809	Hypnea wynnei	175748	Hypnea wynnei	1867777
NC_081599.1	2571513010	Hypnea musciformis	173580	Hypnea musciformis	31429
NC_081600.1	2571513211	Caulacanthus ustulatus	173754	Caulacanthus ustulatus	31411
NC_081601.1	2571513411	Catenella fusiformis	177036	Catenella fusiformis	3024791
NC_081925.1	2577854943	Colpomenia sinuosa	135967	Colpomenia sinuosa	87236
NC_081972.1	2577858197	Pyropia dentata	196617	Pyropia dentata	76160
NC_081973.1	2577858413	Pyropia seriata	192614	Pyropia seriata	79731
NC_082037.1	2577863745	Ochrosphaera neapolitana	116906	Ochrosphaera neapolitana	35137
NC_082067.1	2577866156	Hormidiella parvula	143219	Hormidiella parvula	2058785
NC_082068.1	2577866279	Interfilum massjukiae	169147	Interfilum massjukiae	519236
NC_082069.1	2577866400	Klebsormidium crenulatum	211508	Klebsormidium crenulatum	424406
NC_082070.1	2577866527	Klebsormidium dissectum	189440	Klebsormidium dissectum	329816
NC_082071.1	2577866659	Klebsormidium elegans	194140	Klebsormidium elegans	424407
NC_082072.1	2577866790	Klebsormidium mucosum	203147	Klebsormidium mucosum	442831
NC_082073.1	2577866924	Klebsormidium nitens	178271	Klebsormidium nitens	105231
NC_082074.1	2577867059	Klebsormidium subtilissimum	193751	Klebsormidium subtilissimum	184584
NC_082075.1	2577867190	Nitella hyalina	252075	Nitella hyalina	181804
NC_082076.1	2577867298	Streptofilum capillatum	127841	Streptofilum capillatum	2058781
NC_082077.1	2577867413	Streptosarcina arenaria	166784	Streptosarcina arenaria	2058782
NC_082078.1	2577867534	Streptosarcina costaricana	199199	Streptosarcina costaricana	2058783
NC_082175.1	2577872979	Palisada intermedia	172793	Palisada intermedia	397057
NC_082194.1	2577873765	Meringosphaera mediterranea	83372	Meringosphaera mediterranea	2837474
NC_082854.1	2587927820	Laurencia catarinensis	171833	Laurencia catarinensis	197326
NC_082855.1	2587928031	Corynecladia elata	176465	Corynecladia elata	3101723
NC_082856.1	2587928246	Laurencia obtusa	172020	Laurencia obtusa	137763
NC_082858.1	2587928552	Gloiopeltis furcata	177606	Gloiopeltis furcata	42017
NC_084208.1	2627907483	Bangia fuscopurpurea	196746	Bangia fuscopurpurea	101920
NC_084248.1	2627910286	Grateloupia asiatica	189389	Grateloupia asiatica	151735
NC_084249.1	2627910491	Polyopes affinis	196173	Polyopes affinis	194519
NC_084250.1	2627910691	Pachymeniopsis lanceolata	192611	Pachymeniopsis lanceolata	151733
NC_084290.1	2627912786	Rhodochorton tenue	192037	Rhodochorton tenue	173034
NC_084366.1	2627915508	Lessonia nigrescens	130317	Lessonia nigrescens	209404
NC_085234.1	2666677299	Undaria peterseniana	130404	Undaria peterseniana	112507
NC_085293.1	2666679789	Agarum clathratum	130296	Agarum clathratum	105404
NC_085294.1	2666679932	Analipus japonicus	130377	Analipus japonicus	31333
NC_085295.1	2666680073	Aureophycus aleuticus	130110	Aureophycus aleuticus	461266
NC_085296.1	2666680216	Chorda asiatica	130219	Chorda asiatica	1281577
NC_085297.1	2666680359	Choristocarpus tenellus	120428	Choristocarpus tenellus	116065
NC_085298.1	2666680497	Cutleria multifida	125684	Cutleria multifida	74475
NC_085299.1	2666680638	Cymathaere triplicata	130676	Cymathaere triplicata	309354
NC_085300.1	2666680781	Desmarestia aculeata	126681	Desmarestia aculeata	62298
NC_085301.1	2666680921	Dictyoneurum californicum	130588	Dictyoneurum californicum	169784
NC_085302.1	2666681063	Dictyotopsis propagulifera	122892	Dictyotopsis propagulifera	670095
NC_085303.1	2666681204	Ecklonia cava	130837	Ecklonia cava	105407
NC_085304.1	2666681346	Eisenia bicyclis	130972	Eisenia bicyclis	6395
NC_085305.1	2666681488	Halosiphon tomentosus	128949	Halosiphon tomentosus	64927
NC_085306.1	2666681630	Hedophyllum nigripes	130554	Hedophyllum nigripes	2724434
NC_085307.1	2666681772	Lessonia variegata	130340	Lessonia variegata	549686
NC_085308.1	2666681914	Phaeostrophion irregulare	127617	Phaeostrophion irregulare	243268
NC_085309.1	2666682056	Pleurophycus gardneri	130987	Pleurophycus gardneri	309362
NC_085310.1	2666682198	Scytothamnus australis	129788	Scytothamnus australis	66621
NC_085311.1	2666682339	Sporochnus bolleanus	129556	Sporochnus bolleanus	461143
NC_085312.1	2666682479	Microzonia abyssicola	130899	Microzonia abyssicola	217214
NC_086652.1	2692945063	Ascoseira mirabilis	132843	Ascoseira mirabilis	76830
NC_086653.1	2692945203	Papenfussiella kuromo	134350	Papenfussiella kuromo	185805
NC_086871.1	2692957024	Anunuuluaehu liula	206705	Anunuuluaehu liula	3049639
NC_086886.1	2692958229	Cocconeiopsis kantsiensis	140508	Cocconeiopsis kantsiensis	3082010
NC_087870.1	2715320180	Ecklonia maxima	130900	Ecklonia maxima	428677
NW_017385168.1	1085008343	Plasmodium gaboni	29387	Plasmodium gaboni	647221
NW_017962150.1	1145264747	Plasmodium reichenowi	24235	Plasmodium reichenowi	5854
NW_021629666.1	1620958944	Plasmodium gonderi	34515	Plasmodium gonderi	77519
NW_021703914.1	1673128088	Besnoitia besnoiti	35142	Besnoitia besnoiti	94643
